{
  "@context" : "http://www.w3.org/ns/csvw",
  "@type" : "TableGroup",
  "tables" : [ {
    "@type" : "Table",
    "url" : "dissesto_2k_triples.nt.csv",
    "tableSchema" : {
      "@type" : "Schema",
      "columns" : [ {
        "@type" : "Column",
        "titles" : "Subject",
        "name" : "Subject",
        "valueUrl" : "{+Subject}",
        "suppressOutput" : true
      }, {
        "@type" : "Column",
        "titles" : "unit",
        "name" : "unit",
        "propertyUrl" : "http://qudt.org/vocab/unit#unit",
        "valueUrl" : "http://qudt.org/1.1/vocab/unit#{+unit}",
        "aboutUrl" : "{+Subject}"
      }, {
        "@type" : "Column",
        "titles" : "cup",
        "name" : "cup",
        "propertyUrl" : "https://w3id.org/italia/env/onto/core#cup",
        "valueUrl" : "{+cup}",
        "aboutUrl" : "{+Subject}"
      }, {
        "@type" : "Column",
        "titles" : "isLotOf",
        "name" : "isLotOf",
        "propertyUrl" : "https://w3id.org/italia/env/onto/core#isLotOf",
        "valueUrl" : "https://w3id.org/italia/env/ld/ihi/intervention/03ir052/{+isLotOf}",
        "aboutUrl" : "{+Subject}"
      }, {
        "@type" : "Column",
        "titles" : "note",
        "name" : "note",
        "propertyUrl" : "http://www.w3.org/2004/02/skos/core#note",
        "valueUrl" : "{+note}",
        "aboutUrl" : "{+Subject}"
      }, {
        "@type" : "Column",
        "titles" : "value",
        "name" : "value",
        "propertyUrl" : "http://www.w3.org/1999/02/22-rdf-syntax-ns#value",
        "valueUrl" : "{+value}",
        "aboutUrl" : "{+Subject}"
      }, {
        "@type" : "Column",
        "titles" : "Subject",
        "name" : "subject",
        "propertyUrl" : "http://purl.org/dc/elements/1.1/subject",
        "valueUrl" : "{+subject}",
        "aboutUrl" : "{+Subject}"
      }, {
        "@type" : "Column",
        "titles" : "isDistrictAuthority",
        "name" : "isDistrictAuthority",
        "propertyUrl" : "https://w3id.org/italia/env/onto/core#isDistrictAuthority",
        "valueUrl" : "{+isDistrictAuthority}",
        "datatype" : "boolean",
        "aboutUrl" : "{+Subject}"
      }, {
        "@type" : "Column",
        "titles" : "long",
        "name" : "long",
        "propertyUrl" : "http://www.w3.org/2003/01/geo/wgs84_pos#long",
        "valueUrl" : "{+long}",
        "aboutUrl" : "{+Subject}"
      }, {
        "@type" : "Column",
        "titles" : "contractingAuthority",
        "name" : "contractingAuthority",
        "propertyUrl" : "https://w3id.org/italia/env/onto/core#contractingAuthority",
        "valueUrl" : "https://w3id.org/italia/env/ld/ihi/authkind/attuat/dpc@19_4536/{+contractingAuthority}",
        "aboutUrl" : "{+Subject}"
      }, {
        "@type" : "Column",
        "titles" : "hasEconomicIndicator",
        "name" : "hasEconomicIndicator",
        "propertyUrl" : "https://w3id.org/italia/env/onto/core#hasEconomicIndicator",
        "valueUrl" : "https://w3id.org/italia/env/ld/ihi/economicindicator/368/{+hasEconomicIndicator}",
        "aboutUrl" : "{+Subject}"
      }, {
        "@type" : "Column",
        "titles" : "Is Referenced By",
        "name" : "isReferencedBy",
        "propertyUrl" : "http://purl.org/dc/terms/isReferencedBy",
        "valueUrl" : "http://www.rendis.isprambiente.it/rendisweb/altri_dec/{+isReferencedBy}",
        "aboutUrl" : "{+Subject}"
      }, {
        "@type" : "Column",
        "titles" : "Date Modified",
        "name" : "modified",
        "propertyUrl" : "http://purl.org/dc/terms/modified",
        "valueUrl" : "{+modified}",
        "aboutUrl" : "{+Subject}"
      }, {
        "@type" : "Column",
        "titles" : "Date",
        "name" : "date",
        "propertyUrl" : "http://purl.org/dc/elements/1.1/date",
        "valueUrl" : "{+date}",
        "aboutUrl" : "{+Subject}"
      }, {
        "@type" : "Column",
        "titles" : "procedureType",
        "name" : "procedureType",
        "propertyUrl" : "http://purl.org/procurement/public-contracts#procedureType",
        "valueUrl" : "{+procedureType}",
        "aboutUrl" : "{+Subject}"
      }, {
        "@type" : "Column",
        "titles" : "officialInstabilityType",
        "name" : "officialInstabilityType",
        "propertyUrl" : "https://w3id.org/italia/env/onto/core#officialInstabilityType",
        "valueUrl" : "{+officialInstabilityType}",
        "aboutUrl" : "{+Subject}"
      }, {
        "@type" : "Column",
        "titles" : "repairCategory",
        "name" : "repairCategory",
        "propertyUrl" : "https://w3id.org/italia/env/onto/core#repairCategory",
        "valueUrl" : "https://w3id.org/italia/env/ld/skos/ihi/repaircategory/{+repairCategory}",
        "aboutUrl" : "{+Subject}"
      }, {
        "@type" : "Column",
        "titles" : "instabilityType",
        "name" : "instabilityType",
        "propertyUrl" : "https://w3id.org/italia/env/onto/core#instabilityType",
        "valueUrl" : "https://w3id.org/italia/env/ld/skos/ihi/instabilitytype/{+instabilityType}",
        "aboutUrl" : "{+Subject}"
      }, {
        "@type" : "Column",
        "titles" : "hasIter",
        "name" : "hasIter",
        "propertyUrl" : "https://w3id.org/italia/env/onto/core#hasIter",
        "valueUrl" : "https://w3id.org/italia/env/ld/skos/ihi/itertype/{+hasIter}",
        "aboutUrl" : "{+Subject}"
      }, {
        "@type" : "Column",
        "titles" : "instabilityGroup",
        "name" : "instabilityGroup",
        "propertyUrl" : "https://w3id.org/italia/env/onto/core#instabilityGroup",
        "valueUrl" : "{+instabilityGroup}",
        "aboutUrl" : "{+Subject}"
      }, {
        "@type" : "Column",
        "titles" : "lat",
        "name" : "lat",
        "propertyUrl" : "http://www.w3.org/2003/01/geo/wgs84_pos#lat",
        "valueUrl" : "{+lat}",
        "aboutUrl" : "{+Subject}"
      }, {
        "@type" : "Column",
        "titles" : "point",
        "name" : "point",
        "propertyUrl" : "http://www.georss.org/georss/point",
        "valueUrl" : "{+point}",
        "aboutUrl" : "{+Subject}"
      }, {
        "@type" : "Column",
        "titles" : "location",
        "name" : "location",
        "propertyUrl" : "http://www.w3.org/2003/01/geo/wgs84_pos#location",
        "valueUrl" : "{+location}",
        "aboutUrl" : "{+Subject}"
      }, {
        "@type" : "Column",
        "titles" : "lithologyType",
        "name" : "lithologyType",
        "propertyUrl" : "https://w3id.org/italia/env/onto/core#lithologyType",
        "valueUrl" : "https://w3id.org/italia/env/ld/skos/ihi/lithologytype/{+lithologyType}",
        "aboutUrl" : "{+Subject}"
      }, {
        "@type" : "Column",
        "titles" : "Description",
        "name" : "description",
        "propertyUrl" : "http://purl.org/dc/elements/1.1/description",
        "valueUrl" : "{+description}",
        "aboutUrl" : "{+Subject}"
      }, {
        "@type" : "Column",
        "titles" : "secondaryGeographicalFeature",
        "name" : "secondaryGeographicalFeature",
        "propertyUrl" : "https://w3id.org/italia/env/onto/core#secondaryGeographicalFeature",
        "valueUrl" : "https://w3id.org/italia/env/ld/place/municipality/{+secondaryGeographicalFeature}",
        "aboutUrl" : "https://w3id.org/italia/env/ld/ihi/intervention/09ir775/{+Subject}"
      }, {
        "@type" : "Column",
        "titles" : "lot",
        "name" : "lot",
        "propertyUrl" : "https://w3id.org/italia/env/onto/core#lot",
        "valueUrl" : "https://w3id.org/italia/env/ld/ihi/lot/me109a/{+lot}",
        "aboutUrl" : "{+Subject}"
      }, {
        "@type" : "Column",
        "titles" : "Relation",
        "name" : "relation",
        "propertyUrl" : "http://purl.org/dc/terms/relation",
        "valueUrl" : "http://www.rendis.isprambiente.it/rendisweb/quadro.jsp?id=DAIT@22_0881/{+relation}",
        "aboutUrl" : "{+Subject}"
      }, {
        "@type" : "Column",
        "titles" : "Type",
        "name" : "type",
        "propertyUrl" : "http://purl.org/dc/elements/1.1/type",
        "valueUrl" : "{+type}",
        "aboutUrl" : "https://w3id.org/italia/env/ld/ihi/businessentity/{+Subject}"
      }, {
        "@type" : "Column",
        "titles" : "contact",
        "name" : "contact",
        "propertyUrl" : "http://purl.org/procurement/public-contracts#contact",
        "valueUrl" : "{+contact}",
        "aboutUrl" : "{+Subject}"
      }, {
        "@type" : "Column",
        "titles" : "Publisher",
        "name" : "publisher",
        "propertyUrl" : "http://purl.org/dc/terms/publisher",
        "valueUrl" : "https://w3id.org/italia/env/ld/organization/{+publisher}",
        "aboutUrl" : "{+Subject}"
      }, {
        "@type" : "Column",
        "titles" : "amountFinanced",
        "name" : "amountFinanced",
        "propertyUrl" : "https://w3id.org/italia/env/onto/core#amountFinanced",
        "valueUrl" : "{+amountFinanced}",
        "datatype" : "Euro",
        "aboutUrl" : "{+Subject}"
      }, {
        "@type" : "Column",
        "titles" : "hasStep",
        "name" : "hasStep",
        "propertyUrl" : "https://w3id.org/italia/env/onto/core#hasStep",
        "valueUrl" : "https://w3id.org/italia/env/ld/skos/ihi/steptype/{+hasStep}",
        "aboutUrl" : "{+Subject}"
      }, {
        "@type" : "Column",
        "titles" : "hasAgreement",
        "name" : "hasAgreement",
        "propertyUrl" : "https://w3id.org/italia/env/onto/core#hasAgreement",
        "valueUrl" : "https://w3id.org/italia/env/ld/ihi/agreement/dpc@19_4575/{+hasAgreement}",
        "aboutUrl" : "{+Subject}"
      }, {
        "@type" : "Column",
        "titles" : "isMemberOf",
        "name" : "isMemberOf",
        "propertyUrl" : "https://w3id.org/italia/env/onto/top/isMemberOf",
        "valueUrl" : "https://w3id.org/italia/env/ld/dissesto/{+isMemberOf}",
        "aboutUrl" : "{+Subject}"
      }, {
        "@type" : "Column",
        "titles" : "entity",
        "name" : "entity",
        "propertyUrl" : "https://w3id.org/italia/env/onto/core#entity",
        "valueUrl" : "https://w3id.org/italia/env/ld/ihi/businessentity/{+entity}",
        "aboutUrl" : "{+Subject}"
      }, {
        "@type" : "Column",
        "titles" : "primaryGeographicalFeature",
        "name" : "primaryGeographicalFeature",
        "propertyUrl" : "https://w3id.org/italia/env/onto/core#primaryGeographicalFeature",
        "valueUrl" : "https://w3id.org/italia/env/ld/place/municipality/{+primaryGeographicalFeature}",
        "aboutUrl" : "{+Subject}"
      }, {
        "@type" : "Column",
        "titles" : "Type",
        "name" : "type_1",
        "propertyUrl" : "http://purl.org/dc/terms/type",
        "valueUrl" : "https://w3id.org/italia/env/ld/skos/ihi/{+type}",
        "aboutUrl" : "{+Subject}"
      }, {
        "@type" : "Column",
        "titles" : "label",
        "name" : "label",
        "propertyUrl" : "http://www.w3.org/2000/01/rdf-schema#label",
        "valueUrl" : "{+label}",
        "aboutUrl" : "{+Subject}"
      }, {
        "@type" : "Column",
        "titles" : "instabilityRelatedTo",
        "name" : "instabilityRelatedTo",
        "propertyUrl" : "https://w3id.org/italia/env/onto/core#instabilityRelatedTo",
        "valueUrl" : "https://w3id.org/italia/env/ld/ihi/lot/03ir290/{+instabilityRelatedTo}",
        "aboutUrl" : "{+Subject}"
      }, {
        "@type" : "Column",
        "titles" : "lithologyRelatedTo",
        "name" : "lithologyRelatedTo",
        "propertyUrl" : "https://w3id.org/italia/env/onto/core#lithologyRelatedTo",
        "valueUrl" : "https://w3id.org/italia/env/ld/ihi/lot/280/{+lithologyRelatedTo}",
        "aboutUrl" : "{+Subject}"
      }, {
        "@type" : "Column",
        "titles" : "repairType",
        "name" : "repairType",
        "propertyUrl" : "https://w3id.org/italia/env/onto/core#repairType",
        "valueUrl" : "https://w3id.org/italia/env/ld/skos/ihi/repairtype/{+repairType}",
        "aboutUrl" : "{+Subject}"
      }, {
        "@type" : "Column",
        "titles" : "repairRelatedTo",
        "name" : "repairRelatedTo",
        "propertyUrl" : "https://w3id.org/italia/env/onto/core#repairRelatedTo",
        "valueUrl" : "https://w3id.org/italia/env/ld/ihi/lot/353/{+repairRelatedTo}",
        "aboutUrl" : "{+Subject}"
      }, {
        "@type" : "Column",
        "titles" : "Source",
        "name" : "source",
        "propertyUrl" : "http://purl.org/dc/elements/1.1/source",
        "valueUrl" : "{+source}",
        "aboutUrl" : "{+Subject}"
      }, {
        "@type" : "Column",
        "titles" : "role",
        "name" : "role",
        "propertyUrl" : "https://w3id.org/italia/env/onto/core#role",
        "valueUrl" : "{+role}",
        "aboutUrl" : "{+Subject}"
      }, {
        "@type" : "Column",
        "titles" : "type",
        "name" : "type_null",
        "propertyUrl" : "http://www.w3.org/1999/02/22-rdf-syntax-ns#type",
        "valueUrl" : "{+type}",
        "aboutUrl" : "{+Subject}"
      }, {
        "@type" : "Column",
        "propertyUrl" : "rdf:type",
        "valueUrl" : "{+type}",
        "aboutUrl" : "{+FrameworkAgreement}",
        "virtual" : true
      } ],
      "primaryKey" : "Subject",
      "rowTitles" : [ "Subject", "unit", "cup", "isLotOf", "note", "value", "subject", "isDistrictAuthority", "long", "contractingAuthority", "hasEconomicIndicator", "isReferencedBy", "modified", "date", "procedureType", "officialInstabilityType", "repairCategory", "instabilityType", "hasIter", "instabilityGroup", "lat", "point", "location", "lithologyType", "description", "secondaryGeographicalFeature", "lot", "relation", "type", "contact", "publisher", "amountFinanced", "hasStep", "hasAgreement", "isMemberOf", "entity", "primaryGeographicalFeature", "type_1", "label", "instabilityRelatedTo", "lithologyRelatedTo", "repairType", "repairRelatedTo", "source", "role", "type_null" ]
    },
    "transformations" : [ {
      "@type" : "Template",
      "url" : "https://raw.githubusercontent.com/LadyMalande/RDFtoCSVNotes/main/scripts/transformationForBlankNodesStreamed.js",
      "scriptFormat" : "http://www.iana.org/assignments/media-types/application/javascript",
      "targetFormat" : "http://www.iana.org/assignments/media-types/turtle",
      "source" : "rdf",
      "titles" : "RDF format used as the output format in the transformation from CSV to RDF"
    } ]
  } ]
}